"skim_type","skim_variable","election","n_missing","complete_rate","numeric.mean"
"numeric","male","1965",0,1,0.489140698772427
"numeric","male","1968",0,1,0.501626310083123
"numeric","male","1972",0,1,0.482253086419753
"numeric","male","1974",0,1,0.464871194379391
"numeric","male","1979",1,0.99963556851312,0.478308421436384
"numeric","male","1980",0,1,0.483981693363844
"numeric","male","1984",0,1,0.4344092389695
"numeric","male","1988",0,1,0.496536436686063
"numeric","male","1993",0,1,0.516167664670659
"numeric","male","1997",0,1,0.469992403140035
"numeric","male","2000",0,1,0.482607504793207
"numeric","male","2004",0,1,0.463546641197071
"numeric","male","2006",0,1,0.469990766389658
"numeric","male","2008",0,1,0.462998102466793
"numeric","male","2011",0,1,0.455681142177275
"numeric","male","2015",0,1,0.459305092812946
"numeric","male","2019",2,0.999503105590062,0.565498384290331
"numeric","occupation","1965",308,0.854579792256846,3.45745856353591
"numeric","occupation","1968",1298,0.530899891579328,3.39550714771954
"numeric","occupation","1972",630,0.513888888888889,3.06456456456456
"numeric","occupation","1974",1158,0.548009367681499,3.13960113960114
"numeric","occupation","1979",1115,0.59365889212828,3.04419889502762
"numeric","occupation","1980",681,0.610411899313501,2.9240862230553
"numeric","occupation","1984",823,0.756292567367486,3.22983555207518
"numeric","occupation","1988",538,0.850928234968135,2.84695538912406
"numeric","occupation","1993",598,0.820958083832335,2.76513493800146
"numeric","occupation","1997",1348,0.65864775892631,2.78200692041522
"numeric","occupation","2000",3651,0,NA
"numeric","occupation","2004",1352,0.569563833174148,2.57518166573505
"numeric","occupation","2006",1353,0.583564173591874,2.54377637130802
"numeric","occupation","2008",2098,0.431282190295473,2.49654305468259
"numeric","occupation","2011",1693,0.496430696014277,2.54763331336129
"numeric","occupation","2015",2897,0.310566396953831,2.29425287356322
"numeric","occupation","2019",2470,0.386335403726708,2.45273311897106
"numeric","employment","1965",13,0.993862134088763,0.919239904988123
"numeric","employment","1968",0,1,0.530899891579328
"numeric","employment","1972",138,0.893518518518518,0.575129533678757
"numeric","employment","1974",1,0.999609679937549,0.548223350253807
"numeric","employment","1979",3,0.998906705539359,0.594308646479387
"numeric","employment","1980",19,0.989130434782609,0.61711972238288
"numeric","employment","1984",0,1,0.525614450695884
"numeric","employment","1988",82,0.977279024660571,0.616104337964276
"numeric","employment","1993",9,0.997305389221557,0.635244671269889
"numeric","employment","1997",52,0.986832109394783,0.623299974339235
"numeric","employment","2000",31,0.991509175568337,0.606629834254144
"numeric","employment","2004",15,0.995224450811843,0.630518234165067
"numeric","employment","2006",13,0.995998768851954,0.63504326328801
"numeric","employment","2008",1268,0.656275413391163,0.611317637339942
"numeric","employment","2011",27,0.991969066032124,0.582608695652174
"numeric","employment","2015",56,0.986673012851023,0.551616015436565
"numeric","employment","2019",86,0.978633540372671,0.552678344757553
"numeric","union_both","1965",988,0.533522190745987,0.431858407079646
"numeric","union_both","1968",5,0.998192988796531,0.260318609703114
"numeric","union_both","1972",31,0.97608024691358,0.288537549407115
"numeric","union_both","1974",61,0.976190476190476,0.292283086765294
"numeric","union_both","1979",71,0.974125364431487,0.422371866816311
"numeric","union_both","1980",56,0.967963386727689,0.439716312056738
"numeric","union_both","1984",0,1,0.394729049452176
"numeric","union_both","1988",106,0.970628983097811,0.32400799314873
"numeric","union_both","1993",332,0.90059880239521,0.368683510638298
"numeric","union_both","1997",68,0.982780450747025,0.34862148930688
"numeric","union_both","2000",36,0.990139687756779,0.30179806362379
"numeric","union_both","2004",1184,0.623049984081503,0.414920797138477
"numeric","union_both","2006",1184,0.635580178516467,0.411622276029056
"numeric","union_both","2008",1756,0.523990241257793,0.487325400931195
"numeric","union_both","2011",14,0.995835812016657,0.33452807646356
"numeric","union_both","2015",1231,0.707044264635888,0.348704140020195
"numeric","union_both","2019",1162,0.711304347826087,0.214111072301781
"numeric","region","1965",643,0.696411709159585,2.19932203389831
"numeric","region","1968",754,0.727502710516805,2.23994038748137
"numeric","region","1972",335,0.741512345679012,2.26014568158169
"numeric","region","1974",702,0.725995316159251,2.07096774193548
"numeric","region","1979",734,0.732507288629738,2.07412935323383
"numeric","region","1980",446,0.744851258581236,2.06298003072197
"numeric","region","1984",779,0.769321883328398,2.23210161662818
"numeric","region","1988",835,0.768633970628983,2.24585436193223
"numeric","region","1993",866,0.740718562874251,2.35004042037187
"numeric","region","1997",1221,0.690807799442897,2.35153958944282
"numeric","region","2000",1251,0.657354149548069,2.19291666666667
"numeric","region","2004",659,0.790194205666985,2.32070910556003
"numeric","region","2006",817,0.748538011695906,2.31743421052632
"numeric","region","2008",849,0.769856329628626,2.23133802816901
"numeric","region","2011",894,0.734086853063653,2.18111831442464
"numeric","region","2015",797,0.810328415040457,2.17239353891336
"numeric","region","2019",803,0.800496894409938,2.25108628181254
"numeric","union","1965",988,0.533522190745987,0.431858407079646
"numeric","union","1968",13,0.995301770870979,0.168119099491649
"numeric","union","1972",31,0.97608024691358,0.288537549407115
"numeric","union","1974",61,0.976190476190476,0.292283086765294
"numeric","union","1979",83,0.969752186588921,0.271702367531003
"numeric","union","1980",60,0.965675057208238,0.286729857819905
"numeric","union","1984",0,1,0.281018655611489
"numeric","union","1988",106,0.970628983097811,0.32400799314873
"numeric","union","1993",332,0.90059880239521,0.368683510638298
"numeric","union","1997",68,0.982780450747025,0.34862148930688
"numeric","union","2000",36,0.990139687756779,0.30179806362379
"numeric","union","2004",1661,0.471187519898122,0.393243243243243
"numeric","union","2006",1715,0.472145275469375,0.413950456323338
"numeric","union","2008",2482,0.327188940092166,0.411764705882353
"numeric","union","2011",1386,0.587745389649018,0.334514170040486
"numeric","union","2015",2623,0.375773441218467,0.332488917036099
"numeric","union","2019",1162,0.711304347826087,0.214111072301781
"numeric","degree","1965",0,1,0.0684608120868744
"numeric","degree","1968",3,0.998915793277918,0.0499276410998553
"numeric","degree","1972",40,0.969135802469136,0.125
"numeric","degree","1974",44,0.982825917252147,0.127879269261319
"numeric","degree","1979",93,0.966107871720117,0.177668804224821
"numeric","degree","1980",73,0.958237986270023,0.210746268656716
"numeric","degree","1984",6,0.998223275096239,0.127261940077128
"numeric","degree","1988",83,0.977001939595456,0.15655133295519
"numeric","degree","1993",7,0.997904191616766,0.207320732073207
"numeric","degree","1997",55,0.986072423398329,0.210066769388803
"numeric","degree","2000",27,0.992604765817584,0.213576158940397
"numeric","degree","2004",32,0.989812161731933,0.282727565133483
"numeric","degree","2006",36,0.988919667590028,0.324929971988796
"numeric","degree","2008",1257,0.659257251287612,0.337582236842105
"numeric","degree","2011",10,0.997025580011898,0.338007159904535
"numeric","degree","2015",36,0.991432651118515,0.367738838214114
"numeric","degree","2019",12,0.997018633540373,0.431348118614503
"numeric","quebec","1965",0,1,0.303588290840415
"numeric","quebec","1968",0,1,0.272497289483195
"numeric","quebec","1972",0,1,0.258487654320988
"numeric","quebec","1974",0,1,0.274004683840749
"numeric","quebec","1979",0,1,0.267492711370262
"numeric","quebec","1980",0,1,0.255148741418764
"numeric","quebec","1984",0,1,0.230678116671602
"numeric","quebec","1988",0,1,0.231366029371017
"numeric","quebec","1993",0,1,0.259281437125749
"numeric","quebec","1997",187,0.952646239554318,0.274853801169591
"numeric","quebec","2000",0,1,0.342645850451931
"numeric","quebec","2004",0,1,0.209805794333015
"numeric","quebec","2006",0,1,0.251461988304094
"numeric","quebec","2008",0,1,0.230143670371374
"numeric","quebec","2011",0,1,0.265913146936347
"numeric","quebec","2015",0,1,0.189671584959543
"numeric","quebec","2019",1,0.999751552795031,0.199304174950298
"numeric","age","1965",20,0.990557129367328,44.6339370829361
"numeric","age","1968",0,1,44.6469100108421
"numeric","age","1972",42,0.967592592592593,41.7480063795853
"numeric","age","1974",12,0.995316159250585,42.7282352941176
"numeric","age","1979",23,0.991618075801749,44.170158030136
"numeric","age","1980",14,0.991990846681922,44.401384083045
"numeric","age","1984",79,0.976606455433817,43.8456640388114
"numeric","age","1988",704,0.804932114159047,41.9824440619621
"numeric","age","1993",9,0.997305389221557,42.6547583308316
"numeric","age","1997",65,0.983540136743479,44.7299176107106
"numeric","age","2000",32,0.991235278006026,46.6388505111909
"numeric","age","2004",10,0.996816300541229,49.0894282976685
"numeric","age","2006",10,0.996922129886119,51.2892868169188
"numeric","age","2008",26,0.992952019517484,52.0909090909091
"numeric","age","2011",40,0.988102320047591,54.7450331125828
"numeric","age","2015",135,0.967872441694431,56.4266043766904
"numeric","age","2019",1,0.999751552795031,50.8832007952286
"numeric","religion","1965",0,1,1.50094428706327
"numeric","religion","1968",4,0.998554391037224,1.50271444082519
"numeric","religion","1972",43,0.966820987654321,1.50119712689545
"numeric","religion","1974",6,0.997658079625293,1.59272300469484
"numeric","religion","1979",0,1,1.4515306122449
"numeric","religion","1980",17,0.990274599542334,1.48238012709417
"numeric","religion","1984",38,0.988747408942849,1.38754117999401
"numeric","religion","1988",27,0.992518703241895,1.42183137911781
"numeric","religion","1993",50,0.985029940119761,1.31398176291793
"numeric","religion","1997",101,0.974423904786022,1.32224532224532
"numeric","religion","2000",82,0.977540399890441,1.31465396469599
"numeric","religion","2004",98,0.968799745304043,1.26914229378902
"numeric","religion","2006",101,0.9689135118498,1.23919949174079
"numeric","religion","2008",1337,0.637571157495256,1.20535714285714
"numeric","religion","2011",114,0.966091612135634,1.2493842364532
"numeric","religion","2015",220,0.947643979057592,1.17403314917127
"numeric","religion","2019",170,0.95776397515528,1.0798962386511
"numeric","vote","1965",320,0.848914069877243,1.43993325917686
"numeric","vote","1968",480,0.826526924466932,1.4796676869261
"numeric","vote","1972",299,0.76929012345679,1.53360080240722
"numeric","vote","1974",611,0.761514441842311,1.50691952844695
"numeric","vote","1979",510,0.814139941690962,1.63831692032229
"numeric","vote","1980",314,0.820366132723112,1.66108786610879
"numeric","vote","1984",744,0.779686111933669,1.88872009115078
"numeric","vote","1988",1325,0.632862288722638,1.85464098073555
"numeric","vote","1993",623,0.813473053892216,1.85057048214943
"numeric","vote","1997",1648,0.582679159280831,1.93307257714037
"numeric","vote","2000",1633,0.552725280745001,1.93954410307235
"numeric","vote","2004",758,0.758675581025151,2.13512379353756
"numeric","vote","2006",561,0.827331486611265,2.23214285714286
"numeric","vote","2008",845,0.770940634318243,2.28902953586498
"numeric","vote","2011",625,0.814098750743605,2.32078918523931
"numeric","vote","2015",1695,0.596620656830081,1.93458316713203
"numeric","vote","2019",1548,0.615403726708075,2.28744448930157
"numeric","income","1965",71,0.966477809254013,2.81924767953102
"numeric","income","1968",0,1,2.97289483194796
"numeric","income","1972",236,0.817901234567901,2.94245283018868
"numeric","income","1974",61,0.976190476190476,2.89764094362255
"numeric","income","1979",85,0.96902332361516,3.05866867243325
"numeric","income","1980",61,0.965102974828375,3.17486662714878
"numeric","income","1984",211,0.937518507551081,3.17530006317119
"numeric","income","1988",490,0.864228318093655,2.83840974671369
"numeric","income","1993",224,0.932934131736527,3.11136071887035
"numeric","income","1997",523,0.86756140795138,3.19906596614127
"numeric","income","2000",444,0.878389482333607,2.95821640162145
"numeric","income","2004",369,0.882521489971347,3.11291486291486
"numeric","income","2006",311,0.904278239458295,3.13410483321988
"numeric","income","2008",455,0.876660341555977,3.17285095856524
"numeric","income","2011",386,0.88518738845925,2.90490591397849
"numeric","income","2015",611,0.854593050928129,3.21665274296853
"numeric","income","2019",291,0.927701863354037,3.04070701660418
"numeric","redistribution","1965",2118,0,NA
"numeric","redistribution","1968",2767,0,NA
"numeric","redistribution","1972",1296,0,NA
"numeric","redistribution","1974",2562,0,NA
"numeric","redistribution","1979",2744,0,NA
"numeric","redistribution","1980",1748,0,NA
"numeric","redistribution","1984",3377,0,NA
"numeric","redistribution","1988",689,0.809088390135772,0.871061643835616
"numeric","redistribution","1993",1208,0.638323353293413,0.663930581613508
"numeric","redistribution","1997",2160,0.453026082552545,0.713387367244271
"numeric","redistribution","2000",198,0.945768282662284,0.81783955980307
"numeric","redistribution","2004",14,0.99554282075772,0.783658458586505
"numeric","redistribution","2006",15,0.995383194829178,0.778756957328386
"numeric","redistribution","2008",17,0.995391705069124,0.762050653594771
"numeric","redistribution","2011",14,0.995835812016657,0.756197729988053
"numeric","redistribution","2015",1226,0.708234174202761,0.764364919354839
"numeric","redistribution","2019",1159,0.712049689440994,0.77599441730635
"numeric","market_liberalism","1965",2118,0,NA
"numeric","market_liberalism","1968",2767,0,NA
"numeric","market_liberalism","1972",1296,0,NA
"numeric","market_liberalism","1974",2562,0,NA
"numeric","market_liberalism","1979",2744,0,NA
"numeric","market_liberalism","1980",1748,0,NA
"numeric","market_liberalism","1984",3377,0,NA
"numeric","market_liberalism","1988",1500,0.584372402327515,0.570412517780939
"numeric","market_liberalism","1993",4,0.998802395209581,0.453687050359712
"numeric","market_liberalism","1997",4,0.99898708533806,0.509727503168568
"numeric","market_liberalism","2000",805,0.779512462339085,0.572777582572031
"numeric","market_liberalism","2004",2,0.999363260108246,0.521822236381013
"numeric","market_liberalism","2006",0,1,0.484610649430594
"numeric","market_liberalism","2008",3,0.999186771482787,0.500169560499186
"numeric","market_liberalism","2011",1,0.99970255800119,0.51026480214222
"numeric","market_liberalism","2015",1214,0.711089957163256,0.467285809906292
"numeric","market_liberalism","2019",1135,0.718012422360248,0.40242214532872
"numeric","immigration_rates","1965",2118,0,NA
"numeric","immigration_rates","1968",2767,0,NA
"numeric","immigration_rates","1972",1296,0,NA
"numeric","immigration_rates","1974",2562,0,NA
"numeric","immigration_rates","1979",2744,0,NA
"numeric","immigration_rates","1980",1748,0,NA
"numeric","immigration_rates","1984",3377,0,NA
"numeric","immigration_rates","1988",78,0.978387364921031,0.694137638062872
"numeric","immigration_rates","1993",17,0.994910179640719,0.711405356605477
"numeric","immigration_rates","1997",37,0.990630539377057,0.6875
"numeric","immigration_rates","2000",11,0.996987126814571,0.609752747252747
"numeric","immigration_rates","2004",11,0.996497930595352,0.551277955271566
"numeric","immigration_rates","2006",11,0.996614342874731,0.532736256948734
"numeric","immigration_rates","2008",19,0.994849552724316,0.544550408719346
"numeric","immigration_rates","2011",20,0.994051160023795,0.579593058049072
"numeric","immigration_rates","2015",1228,0.707758210376011,0.437121721587088
"numeric","immigration_rates","2019",31,0.992298136645963,0.478843264897346
"numeric","traditionalism2","1965",2118,0,NA
"numeric","traditionalism2","1968",2767,0,NA
"numeric","traditionalism2","1972",1296,0,NA
"numeric","traditionalism2","1974",2562,0,NA
"numeric","traditionalism2","1979",2744,0,NA
"numeric","traditionalism2","1980",1748,0,NA
"numeric","traditionalism2","1984",3377,0,NA
"numeric","traditionalism2","1988",88,0.975616514269881,0.318446464072707
"numeric","traditionalism2","1993",4,0.998802395209581,0.542078836930456
"numeric","traditionalism2","1997",22,0.994428969359331,0.493792971734148
"numeric","traditionalism2","2000",79,0.978362092577376,0.485617301231803
"numeric","traditionalism2","2004",2,0.999363260108246,0.44803281299777
"numeric","traditionalism2","2006",1,0.999692212988612,0.409444273399015
"numeric","traditionalism2","2008",6,0.998373542965573,0.38721830029867
"numeric","traditionalism2","2011",1,0.99970255800119,0.334684617673312
"numeric","traditionalism2","2015",1216,0.710613993336506,0.263479571332887
"numeric","traditionalism2","2019",1138,0.717267080745342,0.284205057152754
"numeric","turnout","1965",28,0.986779981114259,0.860287081339713
"numeric","turnout","1968",0,1,0.855077701481749
"numeric","turnout","1972",1296,0,NA
"numeric","turnout","1974",101,0.960577673692428,0.850873628606258
"numeric","turnout","1979",41,0.985058309037901,0.891231964483907
"numeric","turnout","1980",34,0.980549199084668,0.909568261376896
"numeric","turnout","1984",0,1,0.855493041160794
"numeric","turnout","1988",690,0.808811305070657,0.880781089414183
"numeric","turnout","1993",3,0.999101796407186,0.873838777344921
"numeric","turnout","1997",785,0.801215497594328,0.819532237673831
"numeric","turnout","2000",791,0.783347028211449,0.831468531468532
"numeric","turnout","2004",4,0.998726520216492,0.866751673573478
"numeric","turnout","2006",4,0.998768851954448,0.906009244992296
"numeric","turnout","2008",2,0.999457847655191,0.884730132899376
"numeric","turnout","2011",4,0.998810232004759,0.899047051816558
"numeric","turnout","2015",1214,0.711089957163256,0.946787148594378
"numeric","turnout","2019",1136,0.71776397515528,0.935271720318449
"numeric","mip","1965",218,0.897072710103872,8.43368421052632
"numeric","mip","1968",239,0.91362486447416,8.28283227848101
"numeric","mip","1972",1296,0,NA
"numeric","mip","1974",762,0.702576112412178,6.74666666666667
"numeric","mip","1979",821,0.700801749271137,8.74206968278731
"numeric","mip","1980",395,0.774027459954233,5.94308943089431
"numeric","mip","1984",1073,0.682262363044122,6.04427083333333
"numeric","mip","1988",675,0.812967581047382,14.1860940695297
"numeric","mip","1993",447,0.866167664670659,7.32008295886623
"numeric","mip","1997",850,0.784755634337807,7.74120684091642
"numeric","mip","2000",762,0.791290057518488,7.4607130494981
"numeric","mip","2004",370,0.88220312002547,6.49476723204619
"numeric","mip","2006",411,0.873499538319483,7.17582804792107
"numeric","mip","2008",1553,0.579018704255896,6.62265917602996
"numeric","mip","2011",766,0.772159428911362,7.76848998459168
"numeric","mip","2015",509,0.878867206092337,7.02545356079068
"numeric","mip","2019",390,0.903105590062112,5.97276478679505
"numeric","personal_retrospective","1965",18,0.991501416430595,0.622142857142857
"numeric","personal_retrospective","1968",5,0.998192988796531,0.587436640115858
"numeric","personal_retrospective","1972",1296,0,NA
"numeric","personal_retrospective","1974",2562,0,NA
"numeric","personal_retrospective","1979",2744,0,NA
"numeric","personal_retrospective","1980",1748,0,NA
"numeric","personal_retrospective","1984",3377,0,NA
"numeric","personal_retrospective","1988",17,0.995289553893045,0.579760579064588
"numeric","personal_retrospective","1993",8,0.997604790419162,0.367797118847539
"numeric","personal_retrospective","1997",5,0.998733856672575,0.435471602434077
"numeric","personal_retrospective","2000",12,0.99671322925226,0.51909865347623
"numeric","personal_retrospective","2004",9,0.997134670487106,0.469508301404853
"numeric","personal_retrospective","2006",6,0.998153277931671,0.526056120875732
"numeric","personal_retrospective","2008",7,0.998102466793169,0.47270505160239
"numeric","personal_retrospective","2011",11,0.996728138013087,0.474336019098776
"numeric","personal_retrospective","2015",29,0.993098524512137,0.455907021327582
"numeric","personal_retrospective","2019",17,0.995776397515528,0.492889221556886
"numeric","efficacy_external","1965",155,0.926817752596789,0.402445236882323
"numeric","efficacy_external","1968",5,0.998192988796531,0.400072411296162
"numeric","efficacy_external","1972",1296,0,NA
"numeric","efficacy_external","1974",1361,0.468774395003903,0.386136552872606
"numeric","efficacy_external","1979",1457,0.46902332361516,0.389277389277389
"numeric","efficacy_external","1980",1748,0,NA
"numeric","efficacy_external","1984",153,0.954693514954101,0.311181761786601
"numeric","efficacy_external","1988",3609,0,NA
"numeric","efficacy_external","1993",1143,0.657784431137725,0.255689576695494
"numeric","efficacy_external","1997",6,0.99848062800709,0.257798630484403
"numeric","efficacy_external","2000",2144,0.412763626403725,0.369940278699403
"numeric","efficacy_external","2004",1472,0.531359439668895,0.325793888556022
"numeric","efficacy_external","2006",3249,0,NA
"numeric","efficacy_external","2008",1764,0.521821631878558,0.374025974025974
"numeric","efficacy_external","2011",1837,0.453599048185604,0.374426229508197
"numeric","efficacy_external","2015",2914,0.306520704426464,0.405473602484472
"numeric","efficacy_external","2019",4025,0,NA
"numeric","efficacy_external2","1965",120,0.943342776203966,0.505505505505506
"numeric","efficacy_external2","1968",6,0.997831586555837,0.543100325968852
"numeric","efficacy_external2","1972",1296,0,NA
"numeric","efficacy_external2","1974",1363,0.467993754879001,0.428690575479566
"numeric","efficacy_external2","1979",1436,0.47667638483965,0.451834862385321
"numeric","efficacy_external2","1980",1748,0,NA
"numeric","efficacy_external2","1984",109,0.967722830915013,0.385021419828641
"numeric","efficacy_external2","1988",3609,0,NA
"numeric","efficacy_external2","1993",1142,0.658083832335329,0.311988171064604
"numeric","efficacy_external2","1997",8,0.99797417067612,0.335320984521695
"numeric","efficacy_external2","2000",8,0.997808819501506,0.360485863299478
"numeric","efficacy_external2","2004",8,0.997453040432983,0.410150015959145
"numeric","efficacy_external2","2006",2,0.999384425977224,0.399676624576532
"numeric","efficacy_external2","2008",11,0.997018162103551,0.392944535073409
"numeric","efficacy_external2","2011",7,0.997917906008328,0.373248882265276
"numeric","efficacy_external2","2015",1225,0.708472156116135,0.40006718172657
"numeric","efficacy_external2","2019",4025,0,NA
"numeric","efficacy_internal","1965",83,0.96081208687441,0.47960687960688
"numeric","efficacy_internal","1968",16,0.994217564148898,0.509632860777899
"numeric","efficacy_internal","1972",1296,0,NA
"numeric","efficacy_internal","1974",1336,0.478532396565183,0.44473898858075
"numeric","efficacy_internal","1979",1422,0.481778425655977,0.435703479576399
"numeric","efficacy_internal","1980",1748,0,NA
"numeric","efficacy_internal","1984",70,0.979271542789458,0.379800423344421
"numeric","efficacy_internal","1988",3609,0,NA
"numeric","efficacy_internal","1993",1146,0.65688622754491,0.465360072926162
"numeric","efficacy_internal","1997",5,0.998733856672575,0.381402129817444
"numeric","efficacy_internal","2000",2142,0.413311421528348,0.591948310139165
"numeric","efficacy_internal","2004",1472,0.531359439668895,0.550629119233074
"numeric","efficacy_internal","2006",3249,0,NA
"numeric","efficacy_internal","2008",1762,0.522363784223367,0.552153606642449
"numeric","efficacy_internal","2011",1837,0.453599048185604,0.57344262295082
"numeric","efficacy_internal","2015",2915,0.306282722513089,0.57983682983683
"numeric","efficacy_internal","2019",4025,0,NA
"numeric","political_efficacy","1965",11,0.99480642115203,0.461794019933555
"numeric","political_efficacy","1968",0,1,0.484248885676424
"numeric","political_efficacy","1972",1296,0,NA
"numeric","political_efficacy","1974",1309,0.489071038251366,0.420291300877893
"numeric","political_efficacy","1979",1404,0.488338192419825,0.425031094527363
"numeric","political_efficacy","1980",1748,0,NA
"numeric","political_efficacy","1984",21,0.993781462836837,0.359629519268971
"numeric","political_efficacy","1988",3609,0,NA
"numeric","political_efficacy","1993",1135,0.660179640718563,0.344444444444444
"numeric","political_efficacy","1997",2,0.99949354266903,0.324888100667173
"numeric","political_efficacy","2000",3,0.999178307313065,0.390556469298246
"numeric","political_efficacy","2004",6,0.998089780324737,0.415576820839979
"numeric","political_efficacy","2006",2,0.999384425977224,0.399676624576532
"numeric","political_efficacy","2008",9,0.99756031444836,0.414379528985507
"numeric","political_efficacy","2011",6,0.998215348007139,0.401544497417561
"numeric","political_efficacy","2015",1221,0.709424083769634,0.426632561780163
"numeric","political_efficacy","2019",4025,0,NA
"numeric","foreign","1965",0,1,0.0165250236071766
"numeric","foreign","1968",1,0.999638597759306,0.181489515545915
"numeric","foreign","1972",0,1,0
"numeric","foreign","1974",0,1,0.159250585480094
"numeric","foreign","1979",1449,0.471938775510204,0.138223938223938
"numeric","foreign","1980",36,0.979405034324943,0.135514018691589
"numeric","foreign","1984",1,0.999703879182707,0.132405213270142
"numeric","foreign","1988",57,0.984206151288446,0.123310810810811
"numeric","foreign","1993",1321,0.604491017964072,0.12927191679049
"numeric","foreign","1997",32,0.991896682704482,0.130712279805974
"numeric","foreign","2000",18,0.995069843878389,0.137627305257363
"numeric","foreign","2004",21,0.993314231136581,0.130769230769231
"numeric","foreign","2006",1692,0.479224376731302,0.149004495825305
"numeric","foreign","2008",1290,0.650311737598265,0.128803668195081
"numeric","foreign","2011",40,0.988102320047591,0.130042143287176
"numeric","foreign","2015",20,0.995240361732508,0.145145863223338
"numeric","foreign","2019",15,0.996273291925466,0.149127182044888
"numeric","non_charter_language","1965",3,0.998583569405099,0.0382978723404255
"numeric","non_charter_language","1968",0,1,0.046982291290206
"numeric","non_charter_language","1972",92,0.929012345679012,0.0315614617940199
"numeric","non_charter_language","1974",4,0.998438719750195,0.125488663017983
"numeric","non_charter_language","1979",1,0.99963556851312,0.112650382792563
"numeric","non_charter_language","1980",18,0.989702517162471,0.102890173410405
"numeric","non_charter_language","1984",0,1,0.0151021616819662
"numeric","non_charter_language","1988",75,0.979218620116376,0.10582908885116
"numeric","non_charter_language","1993",7,0.997904191616766,0.118511851185119
"numeric","non_charter_language","1997",37,0.990630539377057,0.129089979550102
"numeric","non_charter_language","2000",12,0.99671322925226,0.111569112393515
"numeric","non_charter_language","2004",8,0.997453040432983,0.110437280561762
"numeric","non_charter_language","2006",13,0.995998768851954,0.105686032138443
"numeric","non_charter_language","2008",1255,0.659799403632421,0.108874281018899
"numeric","non_charter_language","2011",50,0.985127900059488,0.106280193236715
"numeric","non_charter_language","2015",21,0.995002379819134,0.113609184405645
"numeric","non_charter_language","2019",6,0.998509316770186,0.109231152027868
"numeric","language","1965",84,0.960339943342776,0.688298918387414
"numeric","language","1968",144,0.94795807734008,0.727030118185284
"numeric","language","1972",130,0.899691358024691,0.740994854202401
"numeric","language","1974",17,0.993364558938329,0.743025540275049
"numeric","language","1979",10,0.996355685131195,0.736649597659108
"numeric","language","1980",0,1,0.754004576659039
"numeric","language","1984",3,0.99911163754812,0.785714285714286
"numeric","language","1988",0,1,0.746744250484899
"numeric","language","1993",0,1,0.761377245508982
"numeric","language","1997",0,1,0.758419853127374
"numeric","language","2000",0,1,0.677348671596823
"numeric","language","2004",0,1,0.814708691499522
"numeric","language","2006",0,1,0.775315481686673
"numeric","language","2008",1238,0.664407698563296,0.753977968176255
"numeric","language","2011",0,1,0.748958953004164
"numeric","language","2015",0,1,0.826273203236554
"numeric","language","2019",1,0.999751552795031,0.81610337972167
"numeric","party_id","1965",447,0.788951841359773,1.48773189706762
"numeric","party_id","1968",440,0.840983014094687,1.4327460249248
"numeric","party_id","1972",374,0.71141975308642,1.70173535791757
"numeric","party_id","1974",173,0.932474629195941,1.25533696107158
"numeric","party_id","1979",253,0.907798833819242,1.37254114813328
"numeric","party_id","1980",104,0.940503432494279,1.41605839416058
"numeric","party_id","1984",713,0.788865857269766,1.78453453453453
"numeric","party_id","1988",1364,0.622055971183153,1.79109131403118
"numeric","party_id","1993",896,0.731736526946108,1.41284779050736
"numeric","party_id","1997",1013,0.743479361863763,1.44959128065395
"numeric","party_id","2000",1671,0.542317173377157,1.2979797979798
"numeric","party_id","2004",257,0.918178923909583,1.00242718446602
"numeric","party_id","2006",908,0.720529393659588,1.41178983340453
"numeric","party_id","2008",899,0.756302521008403,1.51648745519713
"numeric","party_id","2011",761,0.773646638905413,1.65705497885429
"numeric","party_id","2015",1437,0.658019990480723,1.38336347197107
"numeric","party_id","2019",1867,0.536149068322981,1.7808155699722
"numeric","income_tertile","1965",71,0.966477809254013,1.67708842208109
"numeric","income_tertile","1968",0,1,1.89085652331044
"numeric","income_tertile","1972",236,0.817901234567901,2.09056603773585
"numeric","income_tertile","1974",61,0.976190476190476,1.99560175929628
"numeric","income_tertile","1979",85,0.96902332361516,1.84430236931177
"numeric","income_tertile","1980",61,0.965102974828375,1.89626556016598
"numeric","income_tertile","1984",211,0.937518507551081,1.89387239418825
"numeric","income_tertile","1988",490,0.864228318093655,1.99743507534466
"numeric","income_tertile","1993",224,0.932934131736527,2.04396662387677
"numeric","income_tertile","1997",523,0.86756140795138,2.07326328079393
"numeric","income_tertile","2000",444,0.878389482333607,1.95385095104459
"numeric","income_tertile","2004",369,0.882521489971347,2.14249639249639
"numeric","income_tertile","2006",311,0.904278239458295,2.19809394145677
"numeric","income_tertile","2008",455,0.876660341555977,2.26747062461348
"numeric","income_tertile","2011",386,0.88518738845925,2.16028225806452
"numeric","income_tertile","2015",611,0.854593050928129,1.93957115009747
"numeric","income_tertile","2019",291,0.927701863354037,2.03294054633101
"numeric","income2","1965",71,0.966477809254013,2.04445530043967
"numeric","income2","1968",0,1,2.31622696060716
"numeric","income2","1972",236,0.817901234567901,2.94245283018868
"numeric","income2","1974",293,0.885636221701795,3.20273248126928
"numeric","income2","1979",85,0.96902332361516,3.05866867243325
"numeric","income2","1980",61,0.965102974828375,3.17486662714878
"numeric","income2","1984",211,0.937518507551081,2.67245735944409
"numeric","income2","1988",490,0.864228318093655,3.29208079512664
"numeric","income2","1993",224,0.932934131736527,3.03594351732991
"numeric","income2","1997",523,0.86756140795138,3.12901342673672
"numeric","income2","2000",444,0.878389482333607,2.89055191768007
"numeric","income2","2004",369,0.882521489971347,2.92857142857143
"numeric","income2","2006",311,0.904278239458295,3.0428863172226
"numeric","income2","2008",455,0.876660341555977,3.32282003710575
"numeric","income2","2011",386,0.88518738845925,3.03057795698925
"numeric","income2","2015",611,0.854593050928129,3.12002227791701
"numeric","income2","2019",291,0.927701863354037,3.04070701660418
"numeric","sector","1965",2118,0,NA
"numeric","sector","1968",0,1,0.123960968558005
"numeric","sector","1972",1296,0,NA
"numeric","sector","1974",687,0.731850117096019,0.0512
"numeric","sector","1979",45,0.983600583090379,0.100778065950352
"numeric","sector","1980",48,0.97254004576659,0.111764705882353
"numeric","sector","1984",0,1,0.126147468167012
"numeric","sector","1988",541,0.85009697977279,0.282594524119948
"numeric","sector","1993",514,0.846107784431138,0.306086341118188
"numeric","sector","1997",110,0.972144846796657,0.295389424329252
"numeric","sector","2000",79,0.978362092577376,0.176371780515118
"numeric","sector","2004",41,0.986946832219039,0.236451612903226
"numeric","sector","2006",47,0.985534010464758,0.226420986883198
"numeric","sector","2008",1296,0.648685280563838,0.236523192645215
"numeric","sector","2011",31,0.990779298036883,0.217051936355449
"numeric","sector","2015",586,0.860542598762494,0.170630530973451
"numeric","sector","2019",729,0.81888198757764,0.184162621359223
"numeric","occupation3","1965",2118,0,NA
"numeric","occupation3","1968",2767,0,NA
"numeric","occupation3","1972",1296,0,NA
"numeric","occupation3","1974",2562,0,NA
"numeric","occupation3","1979",1045,0.619169096209913,3.57622130665097
"numeric","occupation3","1980",643,0.632151029748284,3.45882352941176
"numeric","occupation3","1984",823,0.756292567367486,3.70673453406421
"numeric","occupation3","1988",337,0.906622333056248,3.54034229828851
"numeric","occupation3","1993",463,0.861377245508982,3.52380952380952
"numeric","occupation3","1997",1212,0.693086857432261,3.31896236755572
"numeric","occupation3","2000",3651,0,NA
"numeric","occupation3","2004",1279,0.592804839223177,3.2953813104189
"numeric","occupation3","2006",1278,0.606648199445983,3.29680365296804
"numeric","occupation3","2008",2555,0.307400379506641,3.35890652557319
"numeric","occupation3","2011",1621,0.517846519928614,3.2952326249282
"numeric","occupation3","2015",2690,0.35982865302237,3.40277777777778
"numeric","occupation3","2019",2237,0.444223602484472,3.38926174496644
"numeric","ideology","1965",2118,0,NA
"numeric","ideology","1968",2767,0,NA
"numeric","ideology","1972",1296,0,NA
"numeric","ideology","1974",2562,0,NA
"numeric","ideology","1979",1,0.99963556851312,0.534041195771054
"numeric","ideology","1980",18,0.989702517162471,0.513800578034682
"numeric","ideology","1984",1508,0.553449807521469,0.561920813269128
"numeric","ideology","1988",2935,0.186755333887503,0.538204747774481
"numeric","ideology","1993",2461,0.263173652694611,0.50967007963595
"numeric","ideology","1997",2689,0.319068118511015,0.533174603174603
"numeric","ideology","2000",1742,0.522870446453026,0.535358826610791
"numeric","ideology","2004",1648,0.475326329194524,0.512726054922974
"numeric","ideology","2006",3249,0,NA
"numeric","ideology","2008",1929,0.477094063431824,0.517954545454545
"numeric","ideology","2011",1905,0.433372992266508,0.506108442004118
"numeric","ideology","2015",2959,0.295811518324607,0.490909090909091
"numeric","ideology","2019",1597,0.603229813664596,0.504077429983526
"numeric","traditionalism","1965",2118,0,NA
"numeric","traditionalism","1968",2767,0,NA
"numeric","traditionalism","1972",1296,0,NA
"numeric","traditionalism","1974",2562,0,NA
"numeric","traditionalism","1979",2744,0,NA
"numeric","traditionalism","1980",1748,0,NA
"numeric","traditionalism","1984",3377,0,NA
"numeric","traditionalism","1988",88,0.975616514269881,0.342989680961848
"numeric","traditionalism","1993",0,1,0.471667914171657
"numeric","traditionalism","1997",9,0.997720942010636,0.438299341310128
"numeric","traditionalism","2000",2,0.999452204875377,0.484460517558627
"numeric","traditionalism","2004",10,0.996816300541229,0.453249760459917
"numeric","traditionalism","2006",0,1,0.413999179234636
"numeric","traditionalism","2008",2,0.999457847655191,0.426112660958064
"numeric","traditionalism","2011",1,0.99970255800119,0.341421912412689
"numeric","traditionalism","2015",1214,0.711089957163256,0.302636737425894
"numeric","traditionalism","2019",1138,0.717267080745342,0.284205057152754
"numeric","trad1","1965",2118,0,NA
"numeric","trad1","1968",2767,0,NA
"numeric","trad1","1972",1296,0,NA
"numeric","trad1","1974",2562,0,NA
"numeric","trad1","1979",2744,0,NA
"numeric","trad1","1980",1748,0,NA
"numeric","trad1","1984",3377,0,NA
"numeric","trad1","1988",125,0.965364366860626,0.319890929965557
"numeric","trad1","1993",20,0.994011976047904,0.464307228915663
"numeric","trad1","1997",37,0.990630539377057,0.460825664621677
"numeric","trad1","2000",27,0.992604765817584,0.466128587196468
"numeric","trad1","2004",13,0.995861190703598,0.423273657289003
"numeric","trad1","2006",39,0.987996306555863,0.423598130841122
"numeric","trad1","2008",23,0.993765248034698,0.40848336061102
"numeric","trad1","2011",22,0.993456276026175,0.261751497005988
"numeric","trad1","2015",1234,0.706330318895764,0.216644204851752
"numeric","trad1","2019",1165,0.71055900621118,0.161625874125874
"numeric","trad2","1965",2118,0,NA
"numeric","trad2","1968",2767,0,NA
"numeric","trad2","1972",1296,0,NA
"numeric","trad2","1974",2562,0,NA
"numeric","trad2","1979",2744,0,NA
"numeric","trad2","1980",1748,0,NA
"numeric","trad2","1984",3377,0,NA
"numeric","trad2","1988",1507,0.58243280687171,0.302568981921979
"numeric","trad2","1993",36,0.989221556886228,0.621292372881356
"numeric","trad2","1997",2111,0.465434287161307,0.602557127312296
"numeric","trad2","2000",62,0.983018351136675,0.505990526609083
"numeric","trad2","2004",61,0.980579433301496,0.472970779220779
"numeric","trad2","2006",14,0.995690981840566,0.394667697063369
"numeric","trad2","2008",91,0.975332068311195,0.364369093941078
"numeric","trad2","2011",10,0.997025580011898,0.407517899761337
"numeric","trad2","2015",1221,0.709424083769634,0.308621268030862
"numeric","trad2","2019",1186,0.705341614906832,0.408858753082071
"numeric","market1","1965",2118,0,NA
"numeric","market1","1968",2767,0,NA
"numeric","market1","1972",1296,0,NA
"numeric","market1","1974",2562,0,NA
"numeric","market1","1979",2744,0,NA
"numeric","market1","1980",1748,0,NA
"numeric","market1","1984",3377,0,NA
"numeric","market1","1988",1515,0.58021612635079,0.371060171919771
"numeric","market1","1993",7,0.997904191616766,0.423867386738674
"numeric","market1","1997",9,0.997720942010636,0.428172588832487
"numeric","market1","2000",7,0.998082717063818,0.488405598243688
"numeric","market1","2004",4,0.998726520216492,0.444134523430029
"numeric","market1","2006",1,0.999692212988612,0.384775246305419
"numeric","market1","2008",7,0.998102466793169,0.413158609451385
"numeric","market1","2011",4,0.998810232004759,0.456670637284098
"numeric","market1","2015",1215,0.710851975249881,0.389772346836291
"numeric","market1","2019",1139,0.717018633540373,0.314622314622315
"numeric","market2","1965",2118,0,NA
"numeric","market2","1968",2767,0,NA
"numeric","market2","1972",1296,0,NA
"numeric","market2","1974",2562,0,NA
"numeric","market2","1979",2744,0,NA
"numeric","market2","1980",1748,0,NA
"numeric","market2","1984",3377,0,NA
"numeric","market2","1988",1532,0.575505680243835,0.775878671160327
"numeric","market2","1993",1146,0.65688622754491,0.512648131267092
"numeric","market2","1997",802,0.796910610281084,0.629885605338418
"numeric","market2","2000",800,0.780881950150644,0.663539109084532
"numeric","market2","2004",30,0.990448901623687,0.602057216329155
"numeric","market2","2006",16,0.99507540781779,0.585446953294154
"numeric","market2","2008",33,0.991054486310653,0.58800601750547
"numeric","market2","2011",30,0.991076740035693,0.565201080432173
"numeric","market2","2015",1229,0.707520228462637,0.545156407669021
"numeric","market2","2019",1153,0.713540372670807,0.491295264623955
"numeric","education","1965",2118,0,NA
"numeric","education","1968",2767,0,NA
"numeric","education","1972",1296,0,NA
"numeric","education","1974",2562,0,NA
"numeric","education","1979",2744,0,NA
"numeric","education","1980",1748,0,NA
"numeric","education","1984",3377,0,NA
"numeric","education","1988",1529,0.57633693543918,0.705288461538462
"numeric","education","1993",0,1,0.892814371257485
"numeric","education","1997",787,0.800709040263358,0.886622390891841
"numeric","education","2000",797,0.781703642837579,0.89978976874562
"numeric","education","2004",9,0.997134670487106,0.847222222222222
"numeric","education","2006",6,0.998153277931671,0.836879432624113
"numeric","education","2008",6,0.998373542965573,0.849171870757535
"numeric","education","2011",0,1,0.773944080904224
"numeric","education","2015",10,0.997620180866254,0.830749045801527
"numeric","education","2019",638,0.841490683229814,0.849867139061116
"numeric","national_retrospective","1965",2118,0,NA
"numeric","national_retrospective","1968",2767,0,NA
"numeric","national_retrospective","1972",1296,0,NA
"numeric","national_retrospective","1974",2562,0,NA
"numeric","national_retrospective","1979",2744,0,NA
"numeric","national_retrospective","1980",1748,0,NA
"numeric","national_retrospective","1984",3377,0,NA
"numeric","national_retrospective","1988",29,0.991964533111665,0.605027932960894
"numeric","national_retrospective","1993",0,1,0.396107784431138
"numeric","national_retrospective","1997",3,0.999240314003545,0.549923973644197
"numeric","national_retrospective","2000",2,0.999452204875377,0.629076459303919
"numeric","national_retrospective","2004",4,0.998726520216492,0.483264265221549
"numeric","national_retrospective","2006",2,0.999384425977224,0.640437326763166
"numeric","national_retrospective","2008",1,0.999728923827596,0.314804772234273
"numeric","national_retrospective","2011",1,0.99970255800119,0.5760190419518
"numeric","national_retrospective","2015",5,0.998810090433127,0.275315701691685
"numeric","national_retrospective","2019",8,0.998012422360248,0.437888971869554
"numeric","vote3","1965",2118,0,NA
"numeric","vote3","1968",2767,0,NA
"numeric","vote3","1972",1296,0,NA
"numeric","vote3","1974",2562,0,NA
"numeric","vote3","1979",2744,0,NA
"numeric","vote3","1980",1748,0,NA
"numeric","vote3","1984",3377,0,NA
"numeric","vote3","1988",1325,0.632862288722638,1.96497373029772
"numeric","vote3","1993",623,0.813473053892216,2.6278984173721
"numeric","vote3","1997",1648,0.582679159280831,3.00564971751412
"numeric","vote3","2000",1633,0.552725280745001,2.89296333002973
"numeric","vote3","2004",3141,0,NA
"numeric","vote3","2006",3249,0,NA
"numeric","vote3","2008",3689,0,NA
"numeric","vote3","2011",3362,0,NA
"numeric","vote3","2015",4202,0,NA
"numeric","vote3","2019",4025,0,NA
"numeric","postgrad","1965",2118,0,NA
"numeric","postgrad","1968",2767,0,NA
"numeric","postgrad","1972",1296,0,NA
"numeric","postgrad","1974",2562,0,NA
"numeric","postgrad","1979",2744,0,NA
"numeric","postgrad","1980",1748,0,NA
"numeric","postgrad","1984",3377,0,NA
"numeric","postgrad","1988",83,0.977001939595456,0.0445263754963131
"numeric","postgrad","1993",7,0.997904191616766,0.0621062106210621
"numeric","postgrad","1997",55,0.986072423398329,0.0513610683102209
"numeric","postgrad","2000",27,0.992604765817584,0.0529801324503311
"numeric","postgrad","2004",32,0.989812161731933,0.0816982952717916
"numeric","postgrad","2006",36,0.988919667590028,0.0977279800809213
"numeric","postgrad","2008",1257,0.659257251287612,0.105263157894737
"numeric","postgrad","2011",10,0.997025580011898,0.107100238663484
"numeric","postgrad","2015",36,0.991432651118515,0.126020163226116
"numeric","postgrad","2019",12,0.997018633540373,0.159232494393222
"numeric","enviro","1965",2118,0,NA
"numeric","enviro","1968",2767,0,NA
"numeric","enviro","1972",1296,0,NA
"numeric","enviro","1974",2562,0,NA
"numeric","enviro","1979",2744,0,NA
"numeric","enviro","1980",1748,0,NA
"numeric","enviro","1984",3377,0,NA
"numeric","enviro","1988",1525,0.57744527569964,0.272072936660269
"numeric","enviro","1993",1167,0.65059880239521,0.529337321675104
"numeric","enviro","1997",2120,0.463155229171942,0.530071077091307
"numeric","enviro","2000",2152,0.410572445905231,0.509839893262175
"numeric","enviro","2004",1485,0.527220630372493,0.534873188405797
"numeric","enviro","2006",3,0.999076638965836,0.218884781269254
"numeric","enviro","2008",1779,0.517755489292491,0.55065445026178
"numeric","enviro","2011",1854,0.44854253420583,0.539290450928382
"numeric","enviro","2015",2922,0.304616849119467,0.503515625
"numeric","enviro","2019",602,0.850434782608696,0.199240432369267
"numeric","pol_interest","1965",2118,0,NA
"numeric","pol_interest","1968",2767,0,NA
"numeric","pol_interest","1972",1296,0,NA
"numeric","pol_interest","1974",2562,0,NA
"numeric","pol_interest","1979",2744,0,NA
"numeric","pol_interest","1980",1748,0,NA
"numeric","pol_interest","1984",3377,0,NA
"numeric","pol_interest","1988",3609,0,NA
"numeric","pol_interest","1993",1,0.999700598802395,0.660901467505241
"numeric","pol_interest","1997",46,0.988351481387693,0.537688957212401
"numeric","pol_interest","2000",51,0.986031224322104,0.540805555555556
"numeric","pol_interest","2004",21,0.993314231136581,0.561153846153846
"numeric","pol_interest","2006",36,0.988919667590028,0.591627762215998
"numeric","pol_interest","2008",1254,0.660070479804825,0.599301848049281
"numeric","pol_interest","2011",8,0.997620464009518,0.649940369707812
"numeric","pol_interest","2015",1224,0.70871013802951,0.680188045668234
"numeric","pol_interest","2019",1136,0.71776397515528,0.705745932848737
"numeric","satdem","1965",2118,0,NA
"numeric","satdem","1968",2767,0,NA
"numeric","satdem","1972",1296,0,NA
"numeric","satdem","1974",2562,0,NA
"numeric","satdem","1979",2744,0,NA
"numeric","satdem","1980",1748,0,NA
"numeric","satdem","1984",3377,0,NA
"numeric","satdem","1988",3609,0,NA
"numeric","satdem","1993",8,0.997604790419162,0.594087635054022
"numeric","satdem","1997",786,0.800962268928843,0.637685741384761
"numeric","satdem","2000",876,0.760065735414955,0.605045045045045
"numeric","satdem","2004",121,0.96147723654887,0.596771523178808
"numeric","satdem","2006",99,0.969529085872576,0.635714285714286
"numeric","satdem","2008",1243,0.663052317701274,0.631439084219133
"numeric","satdem","2011",3,0.999107674003569,0.585218815123549
"numeric","satdem","2015",8,0.998096144693003,0.614747257987601
"numeric","satdem","2019",1144,0.715776397515528,0.595279416869143
"numeric","satdem2","1965",2118,0,NA
"numeric","satdem2","1968",2767,0,NA
"numeric","satdem2","1972",1296,0,NA
"numeric","satdem2","1974",2562,0,NA
"numeric","satdem2","1979",2744,0,NA
"numeric","satdem2","1980",1748,0,NA
"numeric","satdem2","1984",3377,0,NA
"numeric","satdem2","1988",3609,0,NA
"numeric","satdem2","1993",8,0.997604790419162,0.594087635054022
"numeric","satdem2","1997",18,0.995441884021271,0.538539811752735
"numeric","satdem2","2000",54,0.985209531635168,0.584167361690297
"numeric","satdem2","2004",6,0.998089780324737,0.527432216905901
"numeric","satdem2","2006",2,0.999384425977224,0.562211271943332
"numeric","satdem2","2008",1243,0.663052317701274,0.631439084219133
"numeric","satdem2","2011",3,0.999107674003569,0.585218815123549
"numeric","satdem2","2015",8,0.998096144693003,0.614747257987601
"numeric","satdem2","2019",12,0.997018633540373,0.618053825068527
"numeric","household","1965",2118,0,NA
"numeric","household","1968",2767,0,NA
"numeric","household","1972",1296,0,NA
"numeric","household","1974",2562,0,NA
"numeric","household","1979",2744,0,NA
"numeric","household","1980",1748,0,NA
"numeric","household","1984",3377,0,NA
"numeric","household","1988",3609,0,NA
"numeric","household","1993",0,1,0.994011976047904
"numeric","household","1997",0,1,0.988984553051405
"numeric","household","2000",0,1,0.966447548616817
"numeric","household","2004",0,1,0.990767271569564
"numeric","household","2006",0,1,0.915820252385349
"numeric","household","2008",1238,0.664407698563296,0.973684210526316
"numeric","household","2011",0,1,0.975312314098751
"numeric","household","2015",0,1,0.986078058067587
"numeric","household","2019",17,0.995776397515528,1.31312375249501
"numeric","income_house","1965",2118,0,NA
"numeric","income_house","1968",2767,0,NA
"numeric","income_house","1972",1296,0,NA
"numeric","income_house","1974",2562,0,NA
"numeric","income_house","1979",2744,0,NA
"numeric","income_house","1980",1748,0,NA
"numeric","income_house","1984",3377,0,NA
"numeric","income_house","1988",3609,0,NA
"numeric","income_house","1993",224,0.932934131736527,2.09370988446727
"numeric","income_house","1997",523,0.86756140795138,2.14331582019848
"numeric","income_house","2000",444,0.878389482333607,2.01340816962894
"numeric","income_house","2004",369,0.882521489971347,2.18542568542569
"numeric","income_house","2006",505,0.844567559249,2.18513119533528
"numeric","income_house","2008",354,0.904039034968826,2.26086956521739
"numeric","income_house","2011",386,0.88518738845925,2.09979838709677
"numeric","income_house","2015",619,0.852689195621133,2.00334914875802
"numeric","income_house","2019",298,0.925962732919255,1.8988462570432
"numeric","promise","1965",2118,0,NA
"numeric","promise","1968",2767,0,NA
"numeric","promise","1972",1296,0,NA
"numeric","promise","1974",2562,0,NA
"numeric","promise","1979",2744,0,NA
"numeric","promise","1980",1748,0,NA
"numeric","promise","1984",3377,0,NA
"numeric","promise","1988",3609,0,NA
"numeric","promise","1993",3340,0,NA
"numeric","promise","1997",123,0.968852874145353,0.620491374803973
"numeric","promise","2000",84,0.976992604765818,0.67591813849173
"numeric","promise","2004",46,0.985354982489653,0.733925686591276
"numeric","promise","2006",34,0.989535241612804,0.628615863141524
"numeric","promise","2008",59,0.984006505828138,0.590220385674931
"numeric","promise","2011",31,0.990779298036883,0.613479435604923
"numeric","promise","2015",1253,0.701808662541647,0.571719226856562
"numeric","promise","2019",4025,0,NA
"numeric","trust","1965",2118,0,NA
"numeric","trust","1968",2767,0,NA
"numeric","trust","1972",1296,0,NA
"numeric","trust","1974",2562,0,NA
"numeric","trust","1979",2744,0,NA
"numeric","trust","1980",1748,0,NA
"numeric","trust","1984",3377,0,NA
"numeric","trust","1988",3609,0,NA
"numeric","trust","1993",3340,0,NA
"numeric","trust","1997",3949,0,NA
"numeric","trust","2000",954,0.738701725554643,0.548757879124954
"numeric","trust","2004",65,0.979305953517988,0.422301690507152
"numeric","trust","2006",3249,0,NA
"numeric","trust","2008",92,0.975060992138791,0.520711704197943
"numeric","trust","2011",51,0.984830458060678,0.493204469948656
"numeric","trust","2015",1281,0.695145168967158,0.540568298527901
"numeric","trust","2019",4025,0,NA
"numeric","duty","1965",2118,0,NA
"numeric","duty","1968",2767,0,NA
"numeric","duty","1972",1296,0,NA
"numeric","duty","1974",2562,0,NA
"numeric","duty","1979",2744,0,NA
"numeric","duty","1980",1748,0,NA
"numeric","duty","1984",3377,0,NA
"numeric","duty","1988",3609,0,NA
"numeric","duty","1993",3340,0,NA
"numeric","duty","1997",3949,0,NA
"numeric","duty","2000",2164,0.407285675157491,0.626765299260256
"numeric","duty","2004",28,0.991085641515441,0.776742691937038
"numeric","duty","2006",29,0.991074176669745,0.82639751552795
"numeric","duty","2008",1248,0.661696936839252,0.848013109381401
"numeric","duty","2011",28,0.991671624033314,0.736352729454109
"numeric","duty","2015",51,0.987862922417896,0.731630932305469
"numeric","duty","2019",42,0.989565217391304,0.765252322370073
"numeric","enviro_spend","1965",2118,0,NA
"numeric","enviro_spend","1968",2767,0,NA
"numeric","enviro_spend","1972",1296,0,NA
"numeric","enviro_spend","1974",2562,0,NA
"numeric","enviro_spend","1979",2744,0,NA
"numeric","enviro_spend","1980",1748,0,NA
"numeric","enviro_spend","1984",3377,0,NA
"numeric","enviro_spend","1988",3609,0,NA
"numeric","enviro_spend","1993",3340,0,NA
"numeric","enviro_spend","1997",3949,0,NA
"numeric","enviro_spend","2000",3651,0,NA
"numeric","enviro_spend","2004",6,0.998089780324737,0.764433811802233
"numeric","enviro_spend","2006",3,0.999076638965836,0.781115218730746
"numeric","enviro_spend","2008",3,0.999186771482787,0.801682040151926
"numeric","enviro_spend","2011",0,1,0.773944080904224
"numeric","enviro_spend","2015",13,0.99690623512613,0.783719264740988
"numeric","enviro_spend","2019",602,0.850434782608696,0.800759567630733
"numeric","inequality","1965",2118,0,NA
"numeric","inequality","1968",2767,0,NA
"numeric","inequality","1972",1296,0,NA
"numeric","inequality","1974",2562,0,NA
"numeric","inequality","1979",2744,0,NA
"numeric","inequality","1980",1748,0,NA
"numeric","inequality","1984",3377,0,NA
"numeric","inequality","1988",3609,0,NA
"numeric","inequality","1993",3340,0,NA
"numeric","inequality","1997",3949,0,NA
"numeric","inequality","2000",3651,0,NA
"numeric","inequality","2004",3141,0,NA
"numeric","inequality","2006",3249,0,NA
"numeric","inequality","2008",3689,0,NA
"numeric","inequality","2011",3362,0,NA
"numeric","inequality","2015",1222,0.709186101856259,0.727684563758389
"numeric","inequality","2019",4025,0,NA
"numeric","efficacy_rich","1965",2118,0,NA
"numeric","efficacy_rich","1968",2767,0,NA
"numeric","efficacy_rich","1972",1296,0,NA
"numeric","efficacy_rich","1974",2562,0,NA
"numeric","efficacy_rich","1979",2744,0,NA
"numeric","efficacy_rich","1980",1748,0,NA
"numeric","efficacy_rich","1984",3377,0,NA
"numeric","efficacy_rich","1988",3609,0,NA
"numeric","efficacy_rich","1993",3340,0,NA
"numeric","efficacy_rich","1997",3949,0,NA
"numeric","efficacy_rich","2000",3651,0,NA
"numeric","efficacy_rich","2004",3141,0,NA
"numeric","efficacy_rich","2006",3249,0,NA
"numeric","efficacy_rich","2008",3689,0,NA
"numeric","efficacy_rich","2011",3362,0,NA
"numeric","efficacy_rich","2015",4202,0,NA
"numeric","efficacy_rich","2019",1163,0.711055900621118,0.486460517120894
